[
  {
    "title": "首页",
    "href": "/",
    "class": "menu_home",
    "id": "memuA",
    "sort": 1
  },
  {
    "title": "网站",
    "href": "/site",
    "class": "menu_web",
    "id": "memuAsite",
    "sort": 2
  },
  {
    "title": "FTP",
    "href": "/ftp",
    "class": "menu_ftp",
    "id": "memuAftp",
    "sort": 3
  },
  {
    "title": "数据库",
    "href": "/database",
    "class": "menu_data",
    "id": "memuAdatabase",
    "sort": 4
  },
  {
    "title": "Docker",
    "href": "/docker",
    "class": "menu_docker",
    "id": "memuDocker",
    "sort": 5
  },
  {
    "title": "监控",
    "href": "/control",
    "class": "menu_control",
    "id": "memuAcontrol",
    "sort": 6
  },
  {
    "title": "安全",
    "href": "/firewall",
    "class": "menu_firewall",
    "id": "memuAfirewall",
    "sort": 7
  },
  {
    "title": "WAF",
    "href": "/btwaf/index",
    "class": "menu_btwaf",
    "id": "memu_btwaf",
    "sort": 8
  },
  {
    "title": "文件",
    "href": "/files",
    "class": "menu_folder",
    "id": "memuAfiles",
    "sort": 9
  },
  {
      "title": "日志",
      "href": "/logs",
      "class": "menu_logs",
      "id": "memuAlogs",
      "sort": 10
  },
  {
    "title": "WP Tools",
    "href": "/wp",
    "class": "menu_wp",
    "id": "memuAwp",
    "sort": 12
  },
  {
    "title": "SSL",
    "href": "/ssl",
    "class": "menu_ssl",
    "id": "memuAssl",
    "sort": 13
  },
  {
    "title": "多用户",
    "href": "/vhost",
    "class": "menu_vhost",
    "id": "memuAvhost",
    "sort": 13
  },
  {
    "title": "终端",
    "href": "/xterm",
    "class": "menu_xterm",
    "id": "memuAxterm",
    "sort": 14
  },
  {
    "title": "计划任务",
    "href": "/crontab",
    "class": "menu_day",
    "id": "memuAcrontab",
    "sort": 15
  },
  {
    "title": "软件商店",
    "href": "/soft",
    "class": "menu_soft",
    "id": "memuAsoft",
    "sort": 16
  },
  {
    "title": "面板设置",
    "href": "/config",
    "class": "menu_set",
    "id": "memuAconfig",
    "sort": 17
  },
  {
    "title": "退出",
    "href": "/login?dologin=True",
    "class": "menu_exit",
    "id": "dologin",
    "sort": 18
  }
]